anio;mes;presa;altura_m;volumen_m3;variacion_m3;porcentaje_embalsado;altura_maxima_m;volumen_maximo_m3
2026;enero;CHIRA;11.8;460352;152015;0.0816116109053274;32;5640766
2026;febrero;CHIRA;11.82;462404;2052;0.0819753912855098;32;5640766
2026;marzo;CHIRA;24.65;2971555;2509151;0.526799906253867;32;5640766
2026;abril;CHIRA;24.32;2932913;-38642;0.519949418217313;32;5640766
2026;mayo;CHIRA;24.3;2868151;-64762;0.5084683534115757;32;5640766
2026;junio;CHIRA;24.01;2783991;-84160;0.49354839395926015;32;5640766
2026;julio;CHIRA;23.63;2675780;-108211;0.474364651893023;32;5640766
2026;agosto;CHIRA;22.93;2482504;-193276;0.4401005111717097;32;5640766
2026;enero;AYAGAURES;9.25;6497;0;0.003513686721054809;40;1849055
2026;febrero;AYAGAURES;9.32;6837;340;0.0036975644315609866;40;1849055
2026;marzo;AYAGAURES;40;1849055;1842218;1;40;1849055
2026;abril;AYAGAURES;38.67;1687719;-161336;0.9127467814640452;40;1849055
2026;mayo;AYAGAURES;37.65;1568551;-119168;0.8482987255652211;40;1849055
2026;junio;AYAGAURES;36.65;1456887;-111664;0.7879089589006276;40;1849055
2026;julio;AYAGAURES;35.35;1317979;-138908;0.7127851794565332;40;1849055
2026;agosto;AYAGAURES;34.1;1190782;-127197;0.6439949055057854;40;1849055
2026;enero;GAMBUESA;30.81;590141;583644;0.4375605672692438;42;1348707
2026;febrero;GAMBUESA;30.57;577415;-12726;0.4281248632949929;42;1348707
2026;marzo;GAMBUESA;42;1348707;771292;1;42;1348707
2026;abril;GAMBUESA;42;1348707;0;1;42;1348707
2026;mayo;GAMBUESA;42;1348707;0;1;42;1348707
2026;junio;GAMBUESA;41.9;1340842;-7865;0.9941684887822189;42;1348707
2026;julio;GAMBUESA;41.75;1329081;-11761;0.9854482849128833;42;1348707
2026;agosto;GAMBUESA;41.7;1324388;-4693;0.9819686559052485;42;1348707
2026;enero;EL MULATO;25.32;242207;59839;0.31882556585953387;35;759685
2026;febrero;EL MULATO;25.06;233031;-9176;0.3067468753496515;35;759685
2026;marzo;EL MULATO;35;759685;526654;1;35;759685
2026;abril;EL MULATO;34.7;737847;-21838;0.9712538749613326;35;759685
2026;mayo;EL MULATO;34.48;722095;-15752;0.9505189650973759;35;759685
2026;junio;EL MULATO;34.3;709375;-12720;0.9337751831351152;35;759685
2026;julio;EL MULATO;34.09;694731;-14644;0.9144987725175566;35;759685
2026;agosto;EL MULATO;33.8;674850;-19881;0.8883287151911647;35;759685
2026;enero;CANDELARIA;25;396884;238718;1;25;396884
2026;febrero;CANDELARIA;23.35;323081;-73803;0.8140439019965532;25;396884
2026;marzo;CANDELARIA;25;396884;73803;1;25;396884
2026;abril;CANDELARIA;23.25;318896;-77988;0.803499259229397;25;396884
2026;mayo;CANDELARIA;22.1;273089;-45807;0.6880826639521875;25;396884
2026;junio;CANDELARIA;20.8;226048;-47041;0.5695568478447103;25;396884
2026;julio;CANDELARIA;20.1;202757;-23291;0.5108721943943318;25;396884
2026;agosto;CANDELARIA;19.05;170736;-32021;0.43019118936515455;25;396884
2026;enero;FATAGA;10.65;13241;5185;0.040381952704227585;32;327894
2026;febrero;FATAGA;10.48;12888;-353;0.03930538527694926;32;327894
2026;marzo;FATAGA;32;327894;315006;1;32;327894
2026;abril;FATAGA;32;327894;0;1;32;327894
2026;mayo;FATAGA;30;275031;-52863;0.8387802155574667;32;327894
2026;junio;FATAGA;29.27;256922;-18109;0.7835520015614802;32;327894
2026;julio;FATAGA;28.6;240864;-16058;0.7345788578016066;32;327894
2026;agosto;FATAGA;27.3;211332;-29532;0.64451316584018;32;327894
2026;enero;VAQUERO;35;267041;90981;1;35;267041
2026;febrero;VAQUERO;33.85;242555;-24486;0.9083062151504825;35;267041
2026;marzo;VAQUERO;35;267041;24486;1;35;267041
2026;abril;VAQUERO;34.75;261579;-5462;0.9795462120048981;35;267041
2026;mayo;VAQUERO;34.2;249838;-11741;0.9355791807250572;35;267041
2026;junio;VAQUERO;33.51;235599;-14239;0.882257780640426;35;267041
2026;julio;VAQUERO;33.2;229352;-6247;0.8588643691418172;35;267041
2026;agosto;VAQUERO;32.58;217144;-12208;0.8131485427331383;35;267041
2026;enero;SORIA;0;0;0;0;120;13014589
2026;febrero;SORIA;;0;0;0;120;13014589
2026;marzo;SORIA;;0;0;0;120;13014589
2026;abril;SORIA;;0;0;0;120;13014589
2026;mayo;SORIA;;0;0;0;120;13014589
2026;junio;SORIA;;0;0;0;120;13014589
2026;julio;SORIA;;0;0;0;120;13014589
2026;agosto;SORIA;;0;0;0;120;13014589
2026;septiembre;SORIA;;0;0;0;120;13014589
2026;octubre;SORIA;;0;0;0;120;13014589
2026;noviembre;SORIA;;0;0;0;120;13014589
2026;diciembre;SORIA;;0;0;0;120;13014589
2025;enero;CHIRA;6.05;79219;-1705;0.014044014589507879;32;5640766
2025;febrero;CHIRA;6.05;79219;0;0.014044014589507879;32;5640766
2025;marzo;CHIRA;6.05;79219;0;0.014044014589507879;32;5640766
2025;abril;CHIRA;6.3;87967;0.25;0.01559486778923288;32;5640766
2025;mayo;CHIRA;6.3;87967;0;0.01559486778923288;32;5640766
2025;junio;CHIRA;6.07;79898;-8069;0.014164388311800205;32;5640766
2025;julio;CHIRA;5.8;71027;-8871;0.012591729562970702;32;5640766
2025;agosto;CHIRA;5.51;62195;-8832;0.01102598476873531;32;5640766
2025;septiembre;CHIRA;5.32;56784;-5411;0.010066717889024293;32;5640766
2025;octubre;CHIRA;5.2;53515;-3269;0.009487186669328244;32;5640766
2025;noviembre;CHIRA;6.65;101164;47649;0.017934443655347517;32;5640766
2025;diciembre;CHIRA;10.15;308337;207173;0.05466225686369546;32;5640766
2025;enero;AYAGAURES;10.25;12371;-7130;0.006690444578446828;40;1849055
2025;febrero;AYAGAURES;9.98;10507;-1864;0.00568236207143649;40;1849055
2025;marzo;AYAGAURES;9.91;10129;-378;0.00547793332269727;40;1849055
2025;abril;AYAGAURES;9.88;9944;-185;0.005377882215510085;40;1849055
2025;mayo;AYAGAURES;9.82;9578;-366;0.0051799432683181405;40;1849055
2025;junio;AYAGAURES;9.78;9339;-239;0.00505068805416821;40;1849055
2025;julio;AYAGAURES;9.68;8756;-583;0.004735391862329677;40;1849055
2025;agosto;AYAGAURES;9.32;6837;-1919;0.0036975644315609866;40;1849055
2025;septiembre;AYAGAURES;9.24;6449;-388;0.0034877275148657017;40;1849055
2025;octubre;AYAGAURES;9.05;5541;-908;0.0029966658644550864;40;1849055
2025;noviembre;AYAGAURES;9.05;5541;0;0.0029966658644550864;40;1849055
2025;diciembre;AYAGAURES;9.25;6497;956;0.003513686721054809;40;1849055
2025;enero;GAMBUESA;27.89;447579;-14320;0.33185784607034735;42;1348707
2025;febrero;GAMBUESA;27.35;423993;-23586;0.31436998547497713;42;1348707
2025;marzo;GAMBUESA;26.85;402786;-21207;0.2986460365372168;42;1348707
2025;abril;GAMBUESA;26.83;402368;-418;0.29833611006690114;42;1348707
2025;mayo;GAMBUESA;26.2;376596;-25772;0.2792274378349041;42;1348707
2025;junio;GAMBUESA;25.75;358824;-17772;0.2660503726902878;42;1348707
2025;julio;GAMBUESA;25.13;335140;-23684;0.24848984990809717;42;1348707
2025;agosto;GAMBUESA;24.14;298793;-36347;0.22154033455746874;42;1348707
2025;septiembre;GAMBUESA;23.33;271252;-27541;0.20112003570827466;42;1348707
2025;octubre;GAMBUESA;22.62;247632;-23620;0.18360696578278307;42;1348707
2025;noviembre;GAMBUESA;23.55;278359;30727;0.20638952715452652;42;1348707
2025;diciembre;GAMBUESA;27.45;428740;150381;0.3178896528304517;42;1348707
2025;febrero;EL MULATO;20.88;115090;115090;0.15149700204690103;35;759685
2025;marzo;EL MULATO;20.88;115090;0;0.15149700204690103;35;759685
2025;abril;EL MULATO;22.1;143639;28549;0.18907705167273278;35;759685
2025;mayo;EL MULATO;21.87;137634;-6005;0.18117245963787623;35;759685
2025;junio;EL MULATO;21.62;131575;-6059;0.17319678550978365;35;759685
2025;julio;EL MULATO;21.3;124350;-7225;0.1636862647018172;35;759685
2025;agosto;EL MULATO;20.85;114452;-9898;0.15065718027866815;35;759685
2025;septiembre;EL MULATO;20.52;107627;-6825;0.14167319349467214;35;759685
2025;octubre;EL MULATO;20.28;102886;-4741;0.13543244897556225;35;759685
2025;noviembre;EL MULATO;20.97;117023;14137;0.15404147771773827;35;759685
2025;diciembre;EL MULATO;23.5;182368;65345;0.24005739220861277;35;759685
2025;enero;CANDELARIA;7.4;12313;-717;0.031024178349341368;25;396884
2025;febrero;CANDELARIA;7.3;11922;-391;0.030039003839912922;25;396884
2025;marzo;CANDELARIA;6.95;10436;-1486;0.02629483677850455;25;396884
2025;abril;CANDELARIA;6.65;9288;-1148;0.023402303947752997;25;396884
2025;mayo;CANDELARIA;6.3;8073;-1215;0.020340956047610888;25;396884
2025;junio;CANDELARIA;5.48;5498;-2575;0.013852914201630703;25;396884
2025;julio;CANDELARIA;5.1;4492;-1006;0.011318168532871065;25;396884
2025;agosto;CANDELARIA;4.6;3352;-1140;0.008445792725330322;25;396884
2025;septiembre;CANDELARIA;4.5;3149;-203;0.007934308261355962;25;396884
2025;octubre;CANDELARIA;4.25;2674;-475;0.006737485008213987;25;396884
2025;noviembre;CANDELARIA;4.2;2568;-106;0.006470404450670725;25;396884
2025;diciembre;CANDELARIA;18.6;158166;155598;0.39851946664516585;25;396884
2025;enero;FATAGA;5.55;624;0;0.0019030540357554576;32;327894
2025;febrero;FATAGA;5.55;624;0;0.0019030540357554576;32;327894
2025;marzo;FATAGA;5.55;624;0;0.0019030540357554576;32;327894
2025;abril;FATAGA;7.42;4210;3586;0.012839515209183456;32;327894
2025;mayo;FATAGA;7.85;5260;1050;0.016041769596271967;32;327894
2025;junio;FATAGA;7.91;5412;152;0.016505334040879064;32;327894
2025;julio;FATAGA;5.77;934;-4478;0.0028484815214673033;32;327894
2025;agosto;FATAGA;5.73;875;-59;0.0026685453225737585;32;327894
2025;septiembre;FATAGA;5.71;846;-29;0.0025801021061684568;32;327894
2025;octubre;FATAGA;5.71;846;0;0.0025801021061684568;32;327894
2025;noviembre;FATAGA;5.71;846;0;0.0025801021061684568;32;327894
2025;diciembre;FATAGA;8.9;8056;7210;0.024568915564176227;32;327894
2025;enero;VAQUERO;0;0;-61;0;35;267041
2025;febrero;VAQUERO;0;0.000001;0.000001;3.744743316569366e-12;35;267041
2025;marzo;VAQUERO;0;0;0;0;35;267041
2025;abril;VAQUERO;0;0;0;0;35;267041
2025;mayo;VAQUERO;0;0;0;0;35;267041
2025;junio;VAQUERO;0;0;0;0;35;267041
2025;julio;VAQUERO;0;0;0;0;35;267041
2025;agosto;VAQUERO;0;0;0;0;35;267041
2025;septiembre;VAQUERO;0;0;0;0;35;267041
2025;octubre;VAQUERO;0;0;0;0;35;267041
2025;noviembre;VAQUERO;5.45;1049;1049;0.0039282357390812645;35;267041
2025;diciembre;VAQUERO;30.3;176060;175011;0.6592995083152026;35;267041
2025;enero;SORIA;;0;0;0;120;13014589
2025;febrero;SORIA;;0;0;0;120;13014589
2025;marzo;SORIA;;0;0;0;120;13014589
2025;abril;SORIA;;0;0;0;120;13014589
2025;mayo;SORIA;;0;0;0;120;13014589
2025;junio;SORIA;;0;0;0;120;13014589
2025;julio;SORIA;;0;0;0;120;13014589
2025;agosto;SORIA;;0;0;0;120;13014589
2025;septiembre;SORIA;;0;0;0;120;13014589
2025;octubre;SORIA;;0;0;0;120;13014589
2025;noviembre;SORIA;;0;0;0;120;13014589
2025;diciembre;SORIA;;0;0;0;120;13014589
2024;enero;CHIRA;9.58;263333;-19269;0.04668390782386647;32;5640766
2024;febrero;CHIRA;9.37;247788;-15545;0.043928076435009004;32;5640766
2024;marzo;CHIRA;9.07;226746;-21042;0.04019773201015607;32;5640766
2024;abril;CHIRA;8.59;196075;-30671;0.03476034992410605;32;5640766
2024;mayo;CHIRA;8.18;172492;-23583;0.03057953476531379;32;5640766
2024;junio;CHIRA;7.84;154513;-17979;0.027392201697429036;32;5640766
2024;julio;CHIRA;7.31;129053;-25460;0.022878630313684346;32;5640766
2024;agosto;CHIRA;6.83;108381;-20672;0.019213879817031942;32;5640766
2024;septiembre;CHIRA;6.47;94238;-14143;0.016706596231788377;32;5640766
2024;octubre;CHIRA;6.3;87697;-6541;0.015547001949735196;32;5640766
2024;noviembre;CHIRA;6.25;86172;-1525;0.015276648597016789;32;5640766
2024;diciembre;CHIRA;6.1;80924;-5248;0.01434627850189141;32;5640766
2024;enero;AYAGAURES;14.72;71243;-1483;0.038529410969387064;40;1849055
2024;febrero;AYAGAURES;14.63;69365;-1878;0.03751375702723824;40;1849055
2024;marzo;AYAGAURES;14.59;68540;-825;0.03706758317086296;40;1849055
2024;abril;AYAGAURES;14.55;67519;-1021;0.03651540922254882;40;1849055
2024;mayo;AYAGAURES;14.48;66104;-1415;0.03575015345676575;40;1849055
2024;junio;AYAGAURES;14.36;63921;-2183;0.03456955039195697;40;1849055
2024;julio;AYAGAURES;14.19;60637;-3284;0.03279350803518554;40;1849055
2024;agosto;AYAGAURES;13.98;56551;-4086;0.030583730608337772;40;1849055
2024;septiembre;AYAGAURES;13.05;41250;-15301;0.02230869281876418;40;1849055
2024;octubre;AYAGAURES;12.65;35780;-5470;0.01935042494679715;40;1849055
2024;noviembre;AYAGAURES;11.85;26306;-9474;0.014226726625222072;40;1849055
2024;diciembre;AYAGAURES;11.15;19501;-6805;0.010546468331120492;40;1849055
2024;enero;GAMBUESA;32.95;712930;-29550;0.5286025801007929;42;1348707
2024;febrero;GAMBUESA;32.47;683987;-28943;0.5071427671095353;42;1348707
2024;marzo;GAMBUESA;32.29;673323;-10664;0.49923593486205675;42;1348707
2024;abril;GAMBUESA;31.85;647154;-26169;0.4798329066283485;42;1348707
2024;mayo;GAMBUESA;31.31;617306;-29848;0.45770208058533096;42;1348707
2024;junio;GAMBUESA;30.92;595501;-21805;0.4415347440177889;42;1348707
2024;julio;GAMBUESA;30.25;560745;-34756;0.4157648770266633;42;1348707
2024;agosto;GAMBUESA;29.57;526452;-34293;0.3903383017957199;42;1348707
2024;septiembre;GAMBUESA;29.05;500806;-25646;0.3713230523753491;42;1348707
2024;octubre;GAMBUESA;28.6;479718;-21088;0.3556873360930135;42;1348707
2024;noviembre;GAMBUESA;28.4;470986;-8732;0.3492129869571375;42;1348707
2024;diciembre;GAMBUESA;28.2;461899;-9087;0.3424754227567589;42;1348707
2024;enero;EL MULATO;26.94;303742;-4916;0.39982624377208975;35;759685
2024;febrero;EL MULATO;26.82;299275;-4467;0.3939461750593996;35;759685
2024;marzo;EL MULATO;26.71;294847;-4428;0.38811744341404664;35;759685
2024;abril;EL MULATO;26.51;286499;-8348;0.3771286783337831;35;759685
2024;mayo;EL MULATO;24.83;225085;-61414;0.2962872769634783;35;759685
2024;junio;EL MULATO;24.48;213306;-11779;0.2807821662926081;35;759685
2024;julio;EL MULATO;23.98;197141;-16165;0.2595036100489018;35;759685
2024;agosto;EL MULATO;23.26;174973;-22168;0.23032309444045887;35;759685
2024;septiembre;EL MULATO;22.74;160541;-14432;0.21132574685560462;35;759685
2024;octubre;EL MULATO;22.23;146967;-13574;0.19345781475216703;35;759685
2024;noviembre;EL MULATO;21.82;136651;-10316;0.17987850227396882;35;759685
2024;diciembre;EL MULATO;21.71;133975;-2676;0.17635598965360644;35;759685
2024;enero;CANDELARIA;12.85;52153;-6484;0.13140615393918625;25;396884
2024;febrero;CANDELARIA;12.5;48342;-3811;0.12180385200713559;25;396884
2024;marzo;CANDELARIA;12.1;44270;-4072;0.11154392719283217;25;396884
2024;abril;CANDELARIA;11.8;41400;-2870;0.10431259511595328;25;396884
2024;mayo;CANDELARIA;11.2;36077;-5323;0.09090061579705909;25;396884
2024;junio;CANDELARIA;10.7;32019;-4058;0.08067596577337459;25;396884
2024;julio;CANDELARIA;9.9;26214;-5805;0.06604952580602896;25;396884
2024;agosto;CANDELARIA;9.2;21754;-4460;0.05481198536600115;25;396884
2024;septiembre;CANDELARIA;8.6;18313;-3441;0.046141945757450537;25;396884
2024;octubre;CANDELARIA;8.2;16192;-2121;0.04079781497868395;25;396884
2024;noviembre;CANDELARIA;7.85;14442;-1750;0.03638846615131877;25;396884
2024;diciembre;CANDELARIA;7.55;13030;-1412;0.03283075155461042;25;396884
2024;enero;FATAGA;5.82;1010;0;0.003080263743770853;32;327894
2024;febrero;FATAGA;5.82;1010;0;0.003080263743770853;32;327894
2024;marzo;FATAGA;5.82;1010;0;0.003080263743770853;32;327894
2024;abril;FATAGA;5.55;624;-386;0.0019030540357554576;32;327894
2024;mayo;FATAGA;0;0;-624;0;32;327894
2024;junio;FATAGA;;0;0;0;32;327894
2024;julio;FATAGA;;0;0;0;32;327894
2024;agosto;FATAGA;;0;0;0;32;327894
2024;septiembre;FATAGA;;0;0;0;32;327894
2024;octubre;FATAGA;5.55;624;624;0.0019030540357554576;32;327894
2024;noviembre;FATAGA;5.55;624;0;0.0019030540357554576;32;327894
2024;diciembre;FATAGA;5.55;624;0;0.0019030540357554576;32;327894
2024;enero;VAQUERO;18.02;39507;-4956;0.14794357420770593;35;267041
2024;febrero;VAQUERO;16.9;33253;-6254;0.12452394950588112;35;267041
2024;marzo;VAQUERO;16.2;29807;-3446;0.11161956403698309;35;267041
2024;abril;VAQUERO;14.68;23230;-6577;0.08699038724390637;35;267041
2024;mayo;VAQUERO;12.9;16724;-6506;0.06262708722630607;35;267041
2024;junio;VAQUERO;10.6;9859;-6865;0.036919424358057375;35;267041
2024;julio;VAQUERO;7.6;3583;-6276;0.013417415303268038;35;267041
2024;agosto;VAQUERO;5.75;1333;-2250;0.0049917428409869645;35;267041
2024;septiembre;VAQUERO;;0;-1333;0;35;267041
2024;octubre;VAQUERO;3.45;0;0;0;35;267041
2024;noviembre;VAQUERO;3.85;61;61;0.00022842934231073132;35;267041
2024;diciembre;VAQUERO;3.85;61;0;0.00022842934231073132;35;267041
2024;enero;SORIA;;0;0;0;120;13014589
2024;febrero;SORIA;;0;0;0;120;13014589
2024;marzo;SORIA;;0;0;0;120;13014589
2024;abril;SORIA;;0;0;0;120;13014589
2024;mayo;SORIA;;0;0;0;120;13014589
2024;junio;SORIA;;0;0;0;120;13014589
2024;julio;SORIA;;0;0;0;120;13014589
2024;agosto;SORIA;;0;0;0;120;13014589
2024;septiembre;SORIA;;0;0;0;120;13014589
2024;octubre;SORIA;;0;0;0;120;13014589
2024;noviembre;SORIA;;0;0;0;120;13014589
2024;diciembre;SORIA;;0;0;0;120;13014589
