columna_1;columna_2;columna_3;columna_4;columna_5;columna_6;columna_7
EN EL JARDÍN...;;;;;;
¿Qué hacer?, ¿Cuánto ahorraríamos?;;;;;;
;"Riega a las horas del día en que haga menos calor. Se reducirá
la evapotranspiración (el agua que se evapora de forma natural) y se
aprovechará el 40% más del agua utilizada.";;;;;
"Utiliza plantas con pocas necesidades hídricas como
cáctus, cardones, tabaibas, etc, que necesitan la mitad
de agua que otras.";;;;;;
;Recoge el agua de lluvia para regar las plantas de tu casa.;;;;;
